key,en,af,ar,dua,fr,ha,ig,sw,xh,yo,zu
ai.ask_question,Ask a cybersecurity question...,Ask a cybersecurity question...,Ask a cybersecurity question...,Ask a cybersecurity question...,Ask a cybersecurity question...,Ask a cybersecurity question...,Ask a cybersecurity question...,Uliza swali la usalama wa saibaa...,Ask a cybersecurity question...,Ask a cybersecurity question...,Ask a cybersecurity question...
ai.assistant_name,CyberGuard AI,CyberGuard AI,CyberGuard AI,CyberGuard AI,CyberGuard AI,CyberGuard AI,CyberGuard AI,Msaidizi wa Usalama,CyberGuard AI,CyberGuard AI,CyberGuard AI
ai.how_can_help,How can I help you today?,How can I help you today?,How can I help you today?,How can I help you today?,How can I help you today?,How can I help you today?,How can I help you today?,Ninawezaje kukusaidia leo?,How can I help you today?,How can I help you today?,How can I help you today?
ai.security_tips,Security Tips,Security Tips,Security Tips,Security Tips,Security Tips,Security Tips,Security Tips,Vidokezo vya Usalama,Security Tips,Security Tips,Security Tips
ai.send,Send,Send,Send,Send,Send,Send,Send,Tuma,Send,Send,Send
ai.suggestions,Quick Questions,Quick Questions,Quick Questions,Quick Questions,Quick Questions,Quick Questions,Quick Questions,Maswali ya Haraka,Quick Questions,Quick Questions,Quick Questions
ai.thinking,Thinking...,Thinking...,Thinking...,Thinking...,Thinking...,Thinking...,Thinking...,Ninafikiria...,Thinking...,Thinking...,Thinking...
ai.threat_analysis,Threat Analysis,Threat Analysis,Threat Analysis,Threat Analysis,Threat Analysis,Threat Analysis,Threat Analysis,Uchanganuzi wa Vitisho,Threat Analysis,Threat Analysis,Threat Analysis
auth.already_have_account,Already have an account?,Already have an account?,Already have an account?,,Already have an account?,Already have an account?,Already have an account?,Tayari una akaunti?,Already have an account?,Already have an account?,Already have an account?
auth.confirm_password,Confirm Password,Confirm Password,Confirm Password,,Confirm Password,Confirm Password,Confirm Password,Thibitisha Nenosiri,Confirm Password,Confirm Password,Confirm Password
auth.country,Country,Country,Country,,Country,Country,Country,Nchi,Country,Country,Country
auth.create_account,Create Account,Create Account,Create Account,,Create Account,Create Account,Create Account,Tengeneza Akaunti,Create Account,Create Account,Create Account
auth.dont_have_account,Don't have an account?,Don't have an account?,Don't have an account?,,Don't have an account?,Don't have an account?,Don't have an account?,Huna akaunti?,Don't have an account?,Don't have an account?,Don't have an account?
auth.email,Email Address,Email Address,Email Address,,Email Address,Email Address,Email Address,Barua Pepe,Email Address,Email Address,Email Address
auth.email_required,Email is required,Email is required,Email is required,,Email is required,Email is required,Email is required,Barua pepe inahitajika,Email is required,Email is required,Email is required
auth.enter_email,Enter your email address,Enter your email address,Enter your email address,,Enter your email address,Enter your email address,Enter your email address,Ingiza barua pepe yako,Enter your email address,Enter your email address,Enter your email address
auth.enter_password,Enter your password,Enter your password,Enter your password,,Enter your password,Enter your password,Enter your password,Ingiza nenosiri lako,Enter your password,Enter your password,Enter your password
auth.first_name,First Name,First Name,First Name,,First Name,First Name,First Name,Jina la Kwanza,First Name,First Name,First Name
auth.first_name_required,First name is required,Voornaam word vereis,الإسم الأول مطلوب,,Prénom requis,Ana buƙatar sunan farko,A chọrọ aha mbụ,Jina la kwanza linahitajika,Kufuneka igama lokuqala,Orukọ akọkọ ni a nilo,Igama liyadingeka
auth.forgot_password,Forgot Password?,Forgot Password?,Forgot Password?,,Forgot Password?,Forgot Password?,Forgot Password?,Umesahau Nenosiri?,Forgot Password?,Forgot Password?,Forgot Password?
auth.invalid_email,Please enter a valid email,Please enter a valid email,Please enter a valid email,,Please enter a valid email,Please enter a valid email,Please enter a valid email,Tafadhali ingiza barua pepe sahihi,Please enter a valid email,Please enter a valid email,Please enter a valid email
auth.join_africa_cybersecurity,Join Africa's premier cybersecurity platform,Sluit aan by Afrika se voorste kuberveiligheidsplatform,انضم إلى منصة الأمن السيبراني الرائدة في أفريقيا,,Rejoignez la première plateforme de cybersécurité d'Afrique,Shiga cikin dandalin tsaron yanar gizo na Afirka,Jikọọ n 'elu ikpo okwu cybersecurity nke Africa,Jiunge na jukwaa kuu la usalama wa kidijitali Afrika,Joyina iqonga eliphambili lokhuseleko lwe-intanethi eAfrika,Darapọ mọ pẹpẹ aabo cyber akọkọ ti Afirika.,Joyina inkundla yokuvikeleka kwe-inthanethi ehamba phambili e-Afrika
auth.language,Language,Language,Language,,Language,Language,Language,Lugha,Language,Language,Language
auth.last_name,Last Name,Last Name,Last Name,,Last Name,Last Name,Last Name,Jina la Mwisho,Last Name,Last Name,Last Name
auth.last_name_required,Last name is required,Van word vereis,الإسم الأخير مطلوب,,Nom requis,Sunan karshe da ake bukata,Achọrọ aha ikpeazụ,Jina la mwisho linahitajika,Ifani iyafuneka, ,Isibongo siyadingeka
auth.login_error,Login failed. Please try again.,Login failed. Please try again.,Login failed. Please try again.,,Login failed. Please try again.,Login failed. Please try again.,Login failed. Please try again.,Kuingia kumeshindwa. Tafadhali jaribu tena.,Login failed. Please try again.,Login failed. Please try again.,Login failed. Please try again.
auth.or_continue_with,Or continue with,Or continue with,Or continue with,,Or continue with,Or continue with,Or continue with,Au endelea na,Or continue with,Or continue with,Or continue with
auth.password,Password,Password,Password,,Password,Password,Password,Nenosiri,Password,Password,Password
auth.password_min_length,Password must be at least 6 characters,Password must be at least 6 characters,Password must be at least 6 characters,,Password must be at least 6 characters,Password must be at least 6 characters,Password must be at least 6 characters,Nenosiri lazima liwe na angalau herufi 6,Password must be at least 6 characters,Password must be at least 6 characters,Password must be at least 6 characters
auth.password_required,Password is required,Password is required,Password is required,,Password is required,Password is required,Password is required,Nenosiri linahitajika,Password is required,Password is required,Password is required
auth.passwords_dont_match,Passwords don't match,Passwords don't match,Passwords don't match,,Passwords don't match,Passwords don't match,Passwords don't match,Maneno ya siri hayalingani,Passwords don't match,Passwords don't match,Passwords don't match
auth.phone_number,Phone Number,Phone Number,Phone Number,,Phone Number,Phone Number,Phone Number,Nambari ya Simu,Phone Number,Phone Number,Phone Number
auth.phone_required,Phone number is required,Telefoonnommer is nodig,رقم الهاتف مطلوب,,Numéro de téléphone requis,Ana buƙatar lambar waya,A chọrọ nọmba ekwentị,Nambari ya simu inahitajika,Inombolo yefowuni iyafuneka,A nílò nọ́mbà ẹ̀rọ ìbánisọ̀rọ̀,Inombolo yocingo iyadingeka
auth.registration_error,Registration failed. Please try again.,Registration failed. Please try again.,Registration failed. Please try again.,,Registration failed. Please try again.,Registration failed. Please try again.,Registration failed. Please try again.,Usajili umeshindwa. Tafadhali jaribu tena.,Registration failed. Please try again.,Registration failed. Please try again.,Registration failed. Please try again.
auth.reset_password,Reset Password,Reset Password,Reset Password,,Reset Password,Reset Password,Reset Password,Rudisha Nenosiri,Reset Password,Reset Password,Reset Password
auth.secure_login_subtitle,Your secure gateway to digital safety,Your secure gateway to digital safety,Your secure gateway to digital safety,,Your secure gateway to digital safety,Your secure gateway to digital safety,Your secure gateway to digital safety,Lango lako salama la usalama wa kidijitali,Your secure gateway to digital safety,Your secure gateway to digital safety,Your secure gateway to digital safety
auth.sign_in,Sign In,Sign In,Sign In,,Sign In,Sign In,Sign In,Ingia,Sign In,Sign In,Sign In
auth.sign_out,Sign Out,Sign Out,Sign Out,,Sign Out,Sign Out,Sign Out,Toka,Sign Out,Sign Out,Sign Out
auth.sign_up,Sign Up,Sign Up,Sign Up,,Sign Up,Sign Up,Sign Up,Jisajili,Sign Up,Sign Up,Sign Up
auth.terms_privacy,I agree to the Terms of Service and Privacy Policy,I agree to the Terms of Service and Privacy Policy,I agree to the Terms of Service and Privacy Policy,,I agree to the Terms of Service and Privacy Policy,I agree to the Terms of Service and Privacy Policy,I agree to the Terms of Service and Privacy Policy,Ninakubali Masharti ya Huduma na Sera ya Faragha,I agree to the Terms of Service and Privacy Policy,I agree to the Terms of Service and Privacy Policy,I agree to the Terms of Service and Privacy Policy
auth.terms_required,Please accept the Terms of Service and Privacy Policy,Aanvaar asseblief die diensbepalings en privaatheidsbeleid,أقبل شروط الخدمة وسياسة الخصوصية.,,J'accepte les conditions de service et la politique de confidentialité,Da fatan za a yarda da Sharuɗɗan Sabis da Dokar Sirri,Biko nabata Usoro nke Ọrụ na Nzuzo Nzuzo,Tafadhali kubali Masharti ya Huduma na Sera ya Faragha,Nceda wamkele Imimiselo Yenkonzo nePolisi Engezinto Eziyimfihlo,Jọ̀wọ́ gba àwọn ìlànà iṣẹ́ àti ìlànà ìpamọ́ra.,Sicela wamukele Imigomo Yesevisi kanye Nomthetho Wobumfihlo
auth.welcome_back,Welcome back to Rethicssec,Welcome back to Rethicssec,Welcome back to Rethicssec,,Welcome back to Rethicssec,Welcome back to Rethicssec,Welcome back to Rethicssec,Karibu tena Rethicssec,Welcome back to Rethicssec,Welcome back to Rethicssec,Welcome back to Rethicssec
auth.welcome_to_rethicsai,Welcome to Rethicssec!,Welkom op RethicsSec!,مرحبًا بك في Rethicssec!,,Bienvenue sur Rethicssec !,Barka da zuwa Rethicssec!,Welcome ịkpọtụrụ anyị!,Karibu Rethicssec!,Wamkelekile kwi-Rethicssec!,Ẹ ṣeun sí Rethicssec!,Siyakwamukela ku-Rethicssec!
cases.case_details,Case Details,Case Details,Case Details,Case Details,Case Details,Case Details,Case Details,Maelezo ya Kesi,Case Details,Case Details,Case Details
cases.case_history,Case History,Case History,Case History,Case History,Case History,Case History,Case History,Historia ya Kesi,Case History,Case History,Case History
cases.evidence_files,Evidence Files,Evidence Files,Evidence Files,Evidence Files,Evidence Files,Evidence Files,Evidence Files,Faili za Ushahidi,Evidence Files,Evidence Files,Evidence Files
cases.investigation_notes,Investigation Notes,Investigation Notes,Investigation Notes,Investigation Notes,Investigation Notes,Investigation Notes,Investigation Notes,Maelezo ya Uchunguzi,Investigation Notes,Investigation Notes,Investigation Notes
cases.status_updates,Status Updates,Status Updates,Status Updates,Status Updates,Status Updates,Status Updates,Status Updates,Masasisho ya Hali,Status Updates,Status Updates,Status Updates
cases.track_cases,Track Cases,Track Cases,Track Cases,Track Cases,Track Cases,Track Cases,Track Cases,Fuatilia Kesi,Track Cases,Track Cases,Track Cases
common.apply_changes,Apply Language Change,Pas taalaanpassing toe,تطبيق تغيير اللغة,Apply Language Change,Appliquer le changement de langue,Aiwatar da Canjin Yare,Tinye mgbanwe asụsụ,Tekeleza Mabadiliko ya Lugha,Sebenzisa utshintsho lolwimi,Lo ayípadà èdè,Sebenzisa ushintsho lolimi
common.cancel,Cancel,Cancel,Cancel,Cancel,Cancel,Cancel,Cancel,Ghairi,Cancel,Cancel,Cancel
common.close,Close,Sluit,إغلاق,Close,Fermer,Rufe,Mechie,Funga,Vala,Pa,Vala
common.continue,Continue,Continue,Continue,Continue,Continue,Continue,Continue,Endelea,Continue,Continue,Continue
common.current,CURRENT,HUIDIG,حالي,CURRENT,ACTUEL,NA YANZU,Ugbu a,SASA,Okwangoku,Lọwọlọwọ,Yamanje
common.current_language,Current Language,Huidige Taal,اللغة الحالية,Current Language,Langue actuelle,Yaren Yanzu,Asụsụ Ugbu a,Lugha ya Sasa,Ulwimi Okwangoku,Èdè Lọwọlọwọ,Ulimi Yamanje
common.delete,Delete,Delete,Delete,Delete,Delete,Delete,Delete,Futa,Delete,Delete,Delete
common.edit,Edit,Edit,Edit,Edit,Edit,Edit,Edit,Hariri,Edit,Edit,Edit
common.error,Error,Error,Error,Error,Error,Error,Error,Hitilafu,Error,Error,Error
common.filter,Filter,Filter,Filter,Filter,Filter,Filter,Filter,Chuja,Filter,Filter,Filter
common.info,Information,Information,Information,Information,Information,Information,Information,Taarifa,Information,Information,Information
common.language_changed,Language changed successfully!,Taal suksesvol verander!,تم تغيير اللغة بنجاح!,Language changed successfully!,Langue changée avec succès !,An canza yare cikin nasara!,Agbanweela asụsụ nke ọma!,Lugha imebadilishwa kwa mafanikio!,Ulwimi lutshintshwe ngempumelelo!,A ti yí èdè padà ní aṣeyọri!,Ulimi lushintshwe ngokuphumelelayo!
common.load_more,Load More,Load More,Load More,Load More,Load More,Load More,Load More,Pakia Zaidi,Load More,Load More,Load More
common.no,No,No,No,No,No,No,No,Hapana,No,No,No
common.ok,OK,OK,OK,OK,OK,OK,OK,Sawa,OK,OK,OK
common.refresh,Refresh,Verfris,تحديث,,Renouvellement,QShortcut,Ịhụchalụ,Onesha upya,HlaziyaCounter-proposal: Meeting Name,Sọdọ̀tun,Vuselela
common.retry,Retry,Herprobeer,إعادة المحاولة,,Réessayer,QDialogButtonBox,Gbalịa ọzọ,Jaribu tena,Zama kwakhona,Túnṣe,Zama futhi
common.save,Save,Save,Save,Save,Save,Save,Save,Hifadhi,Save,Save,Save
common.search,Search,Search,Search,Search,Search,Search,Search,Tafuta,Search,Search,Search
common.sort,Sort,Sort,Sort,Sort,Sort,Sort,Sort,Panga,Sort,Sort,Sort
common.success,Success,Success,Success,Success,Success,Success,Success,Mafanikio,Success,Success,Success
common.view_all,View All,View All,View All,View All,View All,View All,View All,Ona Yote,View All,View All,View All
common.warning,Warning,Warning,Warning,Warning,Warning,Warning,Warning,Onyo,Warning,Warning,Warning
common.welcome,Welcome,Welcome,Welcome,Welcome,Welcome,Welcome,Welcome,Karibu,Welcome,Welcome,Welcome
common.yes,Yes,Yes,Yes,Yes,Yes,Yes,Yes,Ndiyo,Yes,Yes,Yes
dashboard.active_cases,Active Cases,Active Cases,Active Cases,Active Cases,Active Cases,Active Cases,Active Cases,Kesi za Kazi,Active Cases,Active Cases,Active Cases
dashboard.ai_analysis,Wilson AI content analysis,Wilson AI-inhoudsanalise,تحليل المحتوى بواسطة Wilson AI,Wilson AI content analysis,Analyse de contenu par Wilson AI,Nazarin abun ciki na Wilson AI,Nyocha ọdịnaya Wilson AI,Uchanganuzi wa Wilson AI,Uhlalutyo lomxholo lwe-Wilson AI,Ìtúpalẹ̀ akoonu Wilson AI,Ukuhlaziywa kokuqukethwe yi-Wilson AI
dashboard.emergency_assistance,Immediate assistance,Onmiddellike bystand,مساعدة فورية,Immediate assistance,Assistance immédiate,Taimakon gaggawa,Enyemaka mberede,Msaada wa haraka,Uncedo olukhawulezileyo,Ìrànlọ́wọ́ pajawiri,Usizo oluphuthumayo
dashboard.features_title,Security Features,Security Features,Security Features,Security Features,Fonctionnalités de sécurité,Security Features,Security Features,Vipengele vya Usalama,Security Features,Security Features,Security Features
dashboard.greeting,"Stay Protected, Stay Informed","Stay Protected, Stay Informed","Stay Protected, Stay Informed","Stay Protected, Stay Informed","Restez protégé, restez informé","Stay Protected, Stay Informed","Stay Protected, Stay Informed","Kaa Ukilindwa, Kaa Ukifahamu","Stay Protected, Stay Informed","Stay Protected, Stay Informed","Stay Protected, Stay Informed"
dashboard.monitor_reports,Monitor your reports,Moniteer jou verslae,متابعة تقاريرك,Monitor your reports,Suivez vos rapports,Kula da rahotanninka,Lelee akụkọ gị,Fuatilia ripoti zako,Landela iingxelo zakho,Tọ́pa àwọn ìròyìn rẹ,Landelela imibiko yakho
dashboard.no_recent_activity,No recent activity,No recent activity,No recent activity,No recent activity,No recent activity,No recent activity,No recent activity,Hakuna shughuli za hivi karibuni,No recent activity,No recent activity,No recent activity
dashboard.quick_report,Quick Report,Quick Report,Quick Report,Quick Report,Quick Report,Quick Report,Quick Report,Ripoti ya Haraka,Quick Report,Quick Report,Quick Report
dashboard.recent_activity,Recent Activity,Recent Activity,الأنشطة الأخيرة,Recent Activity,Activité récente,Ayyuka na Kwanan nan,Ọrụ nso nso a,Shughuli za Hivi Karibuni,Umsebenzi wakutsha nje,Ìṣe laipẹ,Umsebenzi wakamuva
dashboard.resolved_cases,Resolved,Resolved,Resolved,Resolved,Resolved,Resolved,Resolved,Zilizotatuliwa,Resolved,Resolved,Resolved
dashboard.scan_content,"Scan URLs, emails & files","Skandeer URL’s, e-posse en lêers",فحص الروابط والبريد والملفات,"Scan URLs, emails & files","Analyser des URL, e-mails et fichiers","Duba URLs, imel & fayiloli","Chọgharịa URL, email na faịlụ","Chunguza URL, barua pepe na faili","Skhena ii-URL, ii-imeyile neefayile","Ṣàyẹ̀wò URL, imeèlì àti fáìlì","Skena ama-URL, ama-imeyili namafayela"
dashboard.secure_reporting,Secure cybercrime reporting,Veilige aanmelding van kubermisdade,إبلاغ آمن عن الجرائم الإلكترونية,Secure cybercrime reporting,Signalement sécurisé de cybercriminalité,Bayar da rahoton laifin yanar gizo cikin tsaro,Kpọpụta mpụ kọmputa n’enweghị ihe ize ndụ,Ripoti salama za uhalifu wa saibaa,Ingxelo ekhuselekileyo yolwaphulo-mthetho lwe-intanethi,Ìròyìn ìjẹ̀mí ọdaràn ayélujára ní ààbò,Ukubika ubugebengu be-inthanethi ngokuphepha
dashboard.start_using_app,Start using the app to see your activity here,Start using the app to see your activity here,ابدأ استخدام التطبيق لعرض أنشطتك هنا,Start using the app to see your activity here,Start using the app to see your activity here,Fara amfani da app don ganin ayyukanka a nan,Malite iji ngwa hụ ọrụ gị ebe a,Anza kutumia programu ili kuona shughuli zako hapa,Qalisa ukusebenzisa usetyenziso ukuze ubone umsebenzi wakho apha,Bẹrẹ lo app lati rí ìṣe rẹ níbí,Qala ukusebenzisa uhlelo ukuze ubone umsebenzi wakho lapha
dashboard.subtitle,"Your comprehensive cybersecurity platform for Africa. Report incidents, get AI assistance, and stay educated about digital threats.","Your comprehensive cybersecurity platform for Africa. Report incidents, get AI assistance, and stay educated about digital threats.","Your comprehensive cybersecurity platform for Africa. Report incidents, get AI assistance, and stay educated about digital threats.","Your comprehensive cybersecurity platform for Africa. Report incidents, get AI assistance, and stay educated about digital threats.","Votre plateforme de cybersécurité complète pour l'Afrique. Signalez des incidents, obtenez l'aide de l'IA et restez informé des menaces numériques.","Your comprehensive cybersecurity platform for Africa. Report incidents, get AI assistance, and stay educated about digital threats.","Your comprehensive cybersecurity platform for Africa. Report incidents, get AI assistance, and stay educated about digital threats.","Jukwaa lako kamili la usalama wa saibaa kwa Afrika. Ripoti matukio, pata msaada wa AI, na jifunze kuhusu vitisho vya kidijitali.","Your comprehensive cybersecurity platform for Africa. Report incidents, get AI assistance, and stay educated about digital threats.","Your comprehensive cybersecurity platform for Africa. Report incidents, get AI assistance, and stay educated about digital threats.","Your comprehensive cybersecurity platform for Africa. Report incidents, get AI assistance, and stay educated about digital threats."
dashboard.welcome,Welcome to Rethicssec,Welcome to Rethicssec,Welcome to Rethicssec,Welcome to Rethicssec,Bienvenue sur Rethicssec,Welcome to Rethicssec,Welcome to Rethicssec,Karibu Rethicssec,Welcome to Rethicssec,Welcome to Rethicssec,Welcome to Rethicssec
education.categories,Categories,Categories,Categories,Categories,Categories,Categories,Categories,Vikundi,Categories,Categories,Categories
education.learn_protect,Learn & Protect,Learn & Protect,Learn & Protect,Learn & Protect,Learn & Protect,Learn & Protect,Learn & Protect,Jifunze na Kujilinda,Learn & Protect,Learn & Protect,Learn & Protect
education.mobile_security,Mobile Security,Mobile Security,Mobile Security,Mobile Security,Mobile Security,Mobile Security,Mobile Security,Usalama wa Simu,Mobile Security,Mobile Security,Mobile Security
education.online_shopping,Online Shopping,Online Shopping,Online Shopping,Online Shopping,Online Shopping,Online Shopping,Online Shopping,Ununuzi Mtandaoni,Online Shopping,Online Shopping,Online Shopping
education.password_security,Password Security,Password Security,Password Security,Password Security,Password Security,Password Security,Password Security,Usalama wa Nenosiri,Password Security,Password Security,Password Security
education.phishing_awareness,Phishing Awareness,Phishing Awareness,Phishing Awareness,Phishing Awareness,Phishing Awareness,Phishing Awareness,Phishing Awareness,Ufahamu wa Udanganyifu,Phishing Awareness,Phishing Awareness,Phishing Awareness
education.security_education,Cybersecurity Education,Cybersecurity Education,Cybersecurity Education,Cybersecurity Education,Cybersecurity Education,Cybersecurity Education,Cybersecurity Education,Elimu ya Usalama wa Saibaa,Cybersecurity Education,Cybersecurity Education,Cybersecurity Education
education.social_media,Social Media Safety,Social Media Safety,Social Media Safety,Social Media Safety,Social Media Safety,Social Media Safety,Social Media Safety,Usalama wa Mitandao ya Kijamii,Social Media Safety,Social Media Safety,Social Media Safety
education.wifi_security,WiFi Security,WiFi Security,WiFi Security,WiFi Security,WiFi Security,WiFi Security,WiFi Security,Usalama wa WiFi,WiFi Security,WiFi Security,WiFi Security
emergency.call_now,Call Now,Call Now,Call Now,Call Now,Call Now,Call Now,Call Now,Piga Sasa,Call Now,Call Now,Call Now
emergency.cyber_crime_units,Cyber Crime Units,Cyber Crime Units,Cyber Crime Units,Cyber Crime Units,Cyber Crime Units,Cyber Crime Units,Cyber Crime Units,Vitengo vya Uhalifu wa Saibaa,Cyber Crime Units,Cyber Crime Units,Cyber Crime Units
emergency.emergency_contacts,Emergency Contacts,Emergency Contacts,Emergency Contacts,Emergency Contacts,Emergency Contacts,Emergency Contacts,Emergency Contacts,Mawasiliano ya Dharura,Emergency Contacts,Emergency Contacts,Emergency Contacts
emergency.immediate_help,Need Immediate Help?,Need Immediate Help?,Need Immediate Help?,Need Immediate Help?,Need Immediate Help?,Need Immediate Help?,Need Immediate Help?,Unahitaji Msaada wa Haraka?,Need Immediate Help?,Need Immediate Help?,Need Immediate Help?
emergency.police_stations,Police Stations,Police Stations,Police Stations,Police Stations,Police Stations,Police Stations,Police Stations,Vituo vya Polisi,Police Stations,Police Stations,Police Stations
emergency.report_online,Report Online,Report Online,Report Online,Report Online,Report Online,Report Online,Report Online,Ripoti Mtandaoni,Report Online,Report Online,Report Online
incidents.assigned_officer,Assigned Officer,Assigned Officer,Assigned Officer,Assigned Officer,Assigned Officer,Assigned Officer,Assigned Officer,Afisa Aliyepangiwa,Assigned Officer,Assigned Officer,Assigned Officer
incidents.case_number,Case Number,Case Number,Case Number,Case Number,Case Number,Case Number,Case Number,Nambari ya Kesi,Case Number,Case Number,Case Number
incidents.contact_details,Contact Details,Contact Details,Contact Details,Contact Details,Contact Details,Contact Details,Contact Details,Mawasiliano,Contact Details,Contact Details,Contact Details
incidents.contact_preference,Preferred Contact Method,Preferred Contact Method,Preferred Contact Method,Preferred Contact Method,Preferred Contact Method,Preferred Contact Method,Preferred Contact Method,Njia ya Mawasiliano Unayopendelea,Preferred Contact Method,Preferred Contact Method,Preferred Contact Method
incidents.date_occurred,Date Occurred,Date Occurred,Date Occurred,Date Occurred,Date Occurred,Date Occurred,Date Occurred,Tarehe Ilitokea,Date Occurred,Date Occurred,Date Occurred
incidents.description,Description,Description,Description,Description,Description,Description,Description,Maelezo,Description,Description,Description
incidents.evidence,Evidence,Evidence,Evidence,Evidence,Evidence,Evidence,Evidence,Ushahidi,Evidence,Evidence,Evidence
incidents.financial_loss,Financial Loss (Optional),Financial Loss (Optional),Financial Loss (Optional),Financial Loss (Optional),Financial Loss (Optional),Financial Loss (Optional),Financial Loss (Optional),Hasara ya Kifedha (Si Lazima),Financial Loss (Optional),Financial Loss (Optional),Financial Loss (Optional)
incidents.incident_details,Incident Details,Incident Details,Incident Details,Incident Details,Incident Details,Incident Details,Incident Details,Maelezo ya tukio,Incident Details,Incident Details,Incident Details
incidents.incident_title,Incident Title,Incident Title,Incident Title,Incident Title,Incident Title,Incident Title,Incident Title,Kichwa cha Tukio,Incident Title,Incident Title,Incident Title
incidents.incident_type,Incident Type,Incident Type,Incident Type,Incident Type,Incident Type,Incident Type,Incident Type,Aina ya Tukio,Incident Type,Incident Type,Incident Type
incidents.location,Location,Location,Location,Location,Location,Location,Location,Mahali,Location,Location,Location
incidents.priority,Priority,Priority,Priority,Priority,Priority,Priority,Priority,Kipaumbele,Priority,Priority,Priority
incidents.report_incident,Report Incident,Report Incident,Report Incident,Report Incident,Report Incident,Report Incident,Report Incident,Ripoti Tukio,Report Incident,Report Incident,Report Incident
incidents.report_submitted,Report submitted successfully,Report submitted successfully,Report submitted successfully,Report submitted successfully,Report submitted successfully,Report submitted successfully,Report submitted successfully,Ripoti imewasilishwa kwa mafanikio,Report submitted successfully,Report submitted successfully,Report submitted successfully
incidents.select_type,Select incident type,Select incident type,Select incident type,Select incident type,Select incident type,Select incident type,Select incident type,Chagua aina ya tukio,Select incident type,Select incident type,Select incident type
incidents.status,Status,Status,Status,Status,Status,Status,Status,Hali,Status,Status,Status
incidents.submit_report,Submit Report,Submit Report,Submit Report,Submit Report,Submit Report,Submit Report,Submit Report,Wasilisha Ripoti,Submit Report,Submit Report,Submit Report
incidents.suspect_info,Suspect Information,Suspect Information,Suspect Information,Suspect Information,Suspect Information,Suspect Information,Suspect Information,Taarifa za Mshukiwa,Suspect Information,Suspect Information,Suspect Information
language.choose_preferred,Choose your preferred language,Kies jou voorkeurtaal,اختر لغتك المفضلة,Choose your preferred language,Choisissez votre langue préférée,Zaɓi yaren da kake so,Họrọ asụsụ masịrị gị,Chagua lugha unayopendelea,Khetha ulwimi oluthandayo,Yan èdè tí o fẹ́,Khetha ulimi olukhetha
language.settings,Language Settings,Taalinstellings,إعدادات اللغة,Language Settings,Paramètres de langue,Saitunan Yare,Ntọala Asụsụ,Mipangilio ya Lugha,Iisetingi Zolwimi,Àwọn Ètò Èdè,Izilungiselelo Zolimi
nav.about,About,Oor,حول,About,À propos,Game da,Banyere,Kuhusu,Malunga,Nípa,Mayelana
nav.ai,AI Assistant,AI Assistant,AI Assistant,AI Assistant,AI Assistant,AI Assistant,AI Assistant,Msaidizi wa AI,AI Assistant,AI Assistant,AI Assistant
nav.cases,Cases,Cases,Cases,Cases,Cases,Cases,Cases,Kesi,Cases,Cases,Cases
nav.dashboard,Dashboard,Dashboard,Dashboard,Dashboard,Dashboard,Dashboard,Dashboard,Dashibodi,Dashboard,Dashboard,Dashboard
nav.education,Learn,Learn,Learn,Learn,Learn,Learn,Learn,Jifunze,Learn,Learn,Learn
nav.emergency,Emergency,Emergency,Emergency,Emergency,Emergency,Emergency,Emergency,Dharura,Emergency,Emergency,Emergency
nav.help,Help,Hulp,المساعدة,Help,Aide,Taimako,Enyemaka,Msaada,Uncedo,Irànlọ́wọ́,Usizo
nav.language,Language,Taal,اللغة,Language,Langue,Yare,Asụsụ,Lugha,Ulwimi,Èdè,Ulimi
nav.profile,Profile,Profile,Profile,Profile,Profile,Profile,Profile,Wasifu,Profile,Profile,Profile
nav.report,Report,Report,Report,Report,Report,Report,Report,Ripoti,Report,Report,Report
nav.scanner,Scanner,Scanner,Scanner,Scanner,Scanner,Scanner,Scanner,Mchunguzi,Scanner,Scanner,Scanner
nav.signout,Sign Out,Teken uit,تسجيل الخروج,Sign Out,Se déconnecter,Fita,Pụọ,Toka,Phuma,Jade,Phuma
profile.about,About Rethicssec,About Rethicssec,About Rethicssec,About Rethicssec,About Rethicssec,About Rethicssec,About Rethicssec,Kuhusu Rethicssec,About Rethicssec,About Rethicssec,About Rethicssec
profile.account_settings,Account Settings,Account Settings,Account Settings,Account Settings,Account Settings,Account Settings,Account Settings,Mipangilio ya Akaunti,Account Settings,Account Settings,Account Settings
profile.help_support,Help & Support,Help & Support,Help & Support,Help & Support,Help & Support,Help & Support,Help & Support,Msaada na Uongozi,Help & Support,Help & Support,Help & Support
profile.my_profile,My Profile,My Profile,My Profile,My Profile,My Profile,My Profile,My Profile,Wasifu Wangu,My Profile,My Profile,My Profile
profile.notification_preferences,Notification Preferences,Notification Preferences,Notification Preferences,Notification Preferences,Notification Preferences,Notification Preferences,Notification Preferences,Mapendeleo ya Arifa,Notification Preferences,Notification Preferences,Notification Preferences
profile.privacy_settings,Privacy Settings,Privacy Settings,Privacy Settings,Privacy Settings,Privacy Settings,Privacy Settings,Privacy Settings,Mipangilio ya Faragha,Privacy Settings,Privacy Settings,Privacy Settings
profile.security_settings,Security Settings,Security Settings,Security Settings,Security Settings,Security Settings,Security Settings,Security Settings,Mipangilio ya Usalama,Security Settings,Security Settings,Security Settings
scanner.content_scanner,Content Scanner,Inhoud Skandeerder,ماسح المحتوى,Content Scanner,Scanner de contenu,Mai Binciken Abun ciki,Nyocha ọdịnaya,Mchunguzi wa Maudhui,Iskena Sezinto Eziqulathiweyo,Onínọmbà Àkóónú,Iskena Sokusunguliwe
scanner.dangerous,Dangerous,Dangerous,Dangerous,Dangerous,Dangerous,Dangerous,Dangerous,Hatari,Dangerous,Dangerous,Dangerous
scanner.enter_email,Enter email content,Enter email content,Enter email content,Enter email content,Enter email content,Enter email content,Enter email content,Ingiza maudhui ya barua pepe,Enter email content,Enter email content,Enter email content
scanner.enter_phone,Enter phone number,Enter phone number,Enter phone number,Enter phone number,Enter phone number,Enter phone number,Enter phone number,Ingiza nambari ya simu,Enter phone number,Enter phone number,Enter phone number
scanner.enter_url,Enter URL to scan,Enter URL to scan,Enter URL to scan,Enter URL to scan,Enter URL to scan,Enter URL to scan,Enter URL to scan,Ingiza URL ya kuchunguza,Enter URL to scan,Enter URL to scan,Enter URL to scan
scanner.safe,Safe,Safe,Safe,Safe,Safe,Safe,Safe,Salama,Safe,Safe,Safe
scanner.scan_email,Scan Email,Scan Email,Scan Email,Scan Email,Scan Email,Scan Email,Scan Email,Chunguza Barua Pepe,Scan Email,Scan Email,Scan Email
scanner.scan_now,Scan Now,Scan Now,Scan Now,Scan Now,Scan Now,Scan Now,Scan Now,Chunguza Sasa,Scan Now,Scan Now,Scan Now
scanner.scan_phone,Scan Phone Number,Scan Phone Number,Scan Phone Number,Scan Phone Number,Scan Phone Number,Scan Phone Number,Scan Phone Number,Chunguza Nambari ya Simu,Scan Phone Number,Scan Phone Number,Scan Phone Number
scanner.scan_url,Scan URL,Scan URL,Scan URL,Scan URL,Scan URL,Scan URL,Scan URL,Chunguza URL,Scan URL,Scan URL,Scan URL
scanner.scanning,Scanning...,Scanning...,Scanning...,Scanning...,Scanning...,Scanning...,Scanning...,Ninachunguza...,Scanning...,Scanning...,Scanning...
scanner.suspicious,Suspicious,Suspicious,Suspicious,Suspicious,Suspicious,Suspicious,Suspicious,Mashuku,Suspicious,Suspicious,Suspicious
scanner.threat_level,Threat Level,Threat Level,Threat Level,Threat Level,Threat Level,Threat Level,Threat Level,Kiwango cha Tishio,Threat Level,Threat Level,Threat Level
scanner.threat_scanner,Threat Scanner,Threat Scanner,Threat Scanner,Threat Scanner,Threat Scanner,Threat Scanner,Threat Scanner,Mchunguzi wa Vitisho,Threat Scanner,Threat Scanner,Threat Scanner
